hazardous_waste_10.jpeg,[hazardouswaste]
hazardous_waste_11.jpeg,[hazardouswaste]
hazardous_waste_13.jpeg,[hazardouswaste]
hazardous_waste_14.jpeg,[hazardouswaste]
hazardous_waste_15.jpeg,[hazardouswaste]
hazardous_waste_17.jpeg,[hazardouswaste]
hazardous_waste_18.jpeg,[hazardouswaste]
hazardous_waste_19.jpeg,[hazardouswaste]
hazardous_waste_2.jpeg,[hazardouswaste]
hazardous_waste_20.jpeg,[hazardouswaste]
hazardous_waste_3.jpeg,[hazardouswaste]
hazardous_waste_4.jpeg,[hazardouswaste]
hazardous_waste_5.jpeg,[hazardouswaste]
hazardous_waste_6.jpeg,[hazardouswaste]
hazardous_waste_7.jpeg,[hazardouswaste]
hazardous_waste_8.jpeg,[hazardouswaste]
hazardous_waste_9.jpeg,[hazardouswaste]
organic_waste_1.jpeg,[organicwaste]
organic_waste_10.png,[organicwaste]
organic_waste_11.jpeg,[organicwaste]
organic_waste_12.jpeg,[organicwaste]
organic_waste_13.jpeg,[organicwaste]
organic_waste_14.jpeg,[organicwaste]
organic_waste_15.jpeg,[organicwaste]
organic_waste_18.jpeg,[organicwaste]
organic_waste_19.jpeg,[organicwaste]
organic_waste_2.jpeg,[organicwaste]
organic_waste_20.jpeg,[organicwaste]
organic_waste_3.png,[organicwaste]
organic_waste_4.jpeg,[organicwaste]
organic_waste_5.jpeg,[organicwaste]
organic_waste_6.jpeg,[organicwaste]
organic_waste_8.jpeg,[organicwaste]
organic_waste_9.jpeg,[organicwaste]
recyclable_waste_1.jpeg,[recyclablewaste]
recyclable_waste_10.jpeg,[recyclablewaste]
recyclable_waste_11.jpeg,[recyclablewaste]
recyclable_waste_12.jpeg,[recyclablewaste]
recyclable_waste_13.jpeg,[recyclablewaste]
recyclable_waste_14.jpeg,[recyclablewaste]
recyclable_waste_18.jpeg,[recyclablewaste]
recyclable_waste_19.jpeg,[recyclablewaste]
recyclable_waste_2.jpeg,[recyclablewaste]
recyclable_waste_20.jpeg,[recyclablewaste]
recyclable_waste_3.jpeg,[recyclablewaste]
recyclable_waste_4.jpg,[recyclablewaste]
recyclable_waste_5.jpeg,[recyclablewaste]
recyclable_waste_6.jpeg,[recyclablewaste]
recyclable_waste_7.jpeg,[recyclablewaste]
recyclable_waste_8.jpeg,[recyclablewaste]
recyclable_waste_9.jpeg,[recyclablewaste]
tempImage9p7JIl.jpg,[recyclablewaste]
tempImageBhhQ5P.jpg,[hazardouswaste]
tempImageBqAN64.jpg,[recyclablewaste]
tempImageDHGJtd.jpg,[hazardouswaste]
tempImageGidvZF.jpg,[recyclablewaste]
tempImageWpfLCT.jpg,[organicwaste]
tempImageY4KSa0.jpg,[hazardouswaste]
tempImageqbPJVM.jpg,[organicwaste]
tempImagesSFtUR.jpg,[organicwaste]
